state,mean_ndvi
DEBB,0.25274702374707925
DEBE,0.21071830079687165
DEBW,0.24112955775409942
DEBY,0.23221964869004247
DEHB,0.2158914043066074
DEHE,0.2630742854074299
DEHH,0.21697503759565315
DEMV,0.24540388079055714
DENI,0.25584377803135633
DENW,0.2645057505715178
DERP,0.27069827434614213
DESH,0.27915019607864217
DESL,0.2512872601074955
DESN,0.2584592732841203
DEST,0.2479653418177034
DETH,0.24957754321901648
