state,mean_ndvi
DEBB,0.22092706568950551
DEBE,0.1910979928036973
DEBW,0.24576386721947702
DEBY,0.21400626462411096
DEHB,0.17369300155465806
DEHE,0.23050146380228498
DEHH,0.17287127192759344
DEMV,0.18419008186189556
DENI,0.1965953131363659
DENW,0.20198474588921567
DERP,0.1771173180645319
DESH,0.19586565093141123
DESL,0.2602725768198115
DESN,0.21180879806211556
DEST,0.23364426642234445
DETH,0.21719985672599418
