state,mean_ndvi
DEBB,0.24782553531962218
DEBE,0.21385924360121686
DEBW,0.25682586925157774
DEBY,0.2353943529342234
DEHB,0.24267045715310503
DEHE,0.2506067925476531
DEHH,0.2081906195926883
DEMV,0.26486964906198374
DENI,0.26483615706878566
DENW,0.2657242853334128
DERP,0.2843656218802186
DESH,0.2453793955656267
DESL,0.3002671821363636
DESN,0.2212362874100672
DEST,0.22868254210742048
DETH,0.1366658435541221
