state,mean_ndvi
DEBB,0.17420282593120434
DEBE,0.15011164589455614
DEBW,0.10244712160876254
DEBY,0.1860233860379978
DEHB,0.038106872432461664
DEHE,0.1195436518912676
DEHH,0.15071619074380746
DEMV,0.15261528483622794
DENI,0.09277880733470142
DENW,0.1288640520601719
DERP,0.19577778306314708
DESH,0.15952486035091423
DESL,0.2200874937047417
DESN,0.18907214152178697
DEST,0.16031918718615523
DETH,0.08865400793520575
