state,mean_ndvi
DEBB,0.18449733400260493
DEBE,0.1448980213519344
DEBW,0.19443169689028017
DEBY,0.19633097356815882
DEHB,0.23014471115703028
DEHE,0.27604077466074234
DEHH,0.2162934910804964
DEMV,0.25552617984053594
DENI,0.28053350142594946
DENW,0.25415898789182706
DERP,0.22568797022453835
DESH,0.2822553287002469
DESL,0.20646192737794788
DESN,0.1940020830372999
DEST,0.2126979586788064
DETH,0.2470666749311805
