state,mean_ndvi
DEBB,0.20741225015822767
DEBE,0.15906489240960045
DEBW,0.21384172643209037
DEBY,0.1912545668674318
DEHB,0.19532313663735065
DEHE,0.2197542052204308
DEHH,0.1894203112213112
DEMV,0.24497586880007635
DENI,0.23481895482869664
DENW,0.21902522881716843
DERP,0.22534347047991155
DESH,0.27361168082576803
DESL,0.25727273099979797
DESN,0.20299958242915572
DEST,0.21310714233586137
DETH,0.20052278965960418
