state,mean_ndvi
DEBB,0.2165494577156348
DEBE,0.1653749616664769
DEBW,0.21132027958410085
DEBY,0.21404215956170922
DEHB,0.23075706198763526
DEHE,0.25640857326670097
DEHH,0.14323167105305526
DEMV,0.2328597357003838
DENI,0.23180656996573226
DENW,0.21880842977061774
DERP,0.25258577288633915
DESH,0.2599846197756296
DESL,0.2503383736214705
DESN,0.20731363843222558
DEST,0.21313934382547656
DETH,0.20315244337774033
