state,mean_ndvi
DEBB,0.2611404851893665
DEBE,0.19979769940920392
DEBW,0.2635772566686372
DEBY,0.2628669817630665
DEHB,0.2344444851965112
DEHE,0.2645197164457007
DEHH,0.20462368567620126
DEMV,0.26901848318223515
DENI,0.27380865011042566
DENW,0.26364693746920465
DERP,0.2678942085632679
DESH,0.26642196085359365
DESL,0.28349227777525793
DESN,0.2737755890425742
DEST,0.2630395465763043
DETH,0.2916768624266221
