state,mean_ndvi
DEBB,0.2265320085687148
DEBE,0.20618370457666646
DEBW,0.15788443754369785
DEBY,0.1187397182756969
DEHB,0.2416413276109874
DEHE,0.17089848252484469
DEHH,0.1625364110479883
DEMV,0.21117697964323373
DENI,0.18418540458828453
DENW,0.19386997924825866
DERP,0.14607114656218062
DESH,0.2371530543575116
DESL,0.11569211714018765
DESN,0.22069850231153698
DEST,0.1700155409270866
DETH,0.1726900988457799
