state,mean_ndvi
DEBB,0.22244827551409335
DEBE,0.19749026350491383
DEBW,0.20908524412390234
DEBY,0.20339309192971267
DEHB,0.23512532478470702
DEHE,0.22058788078581154
DEHH,0.1998345485577766
DEMV,0.19629785736290623
DENI,0.23668008116092584
DENW,0.1810055882591472
DERP,0.2414963086976429
DESH,0.2411312901851887
DESL,0.24604945711843818
DESN,0.2362097780501522
DEST,0.2334084103488913
DETH,0.22620998795074232
