state,mean_ndvi
DEBB,0.21840780881391644
DEBE,0.1162294278380806
DEBW,0.19249368385123236
DEBY,0.1854390403888573
DEHB,0.21271608260086894
DEHE,0.2688639969957673
DEHH,0.20932497545038328
DEMV,0.291264630558204
DENI,0.26435974417300173
DENW,0.25684764405584554
DERP,0.27012656640855826
DESH,0.24428642901655437
DESL,0.2622543556882301
DESN,0.20154681232546615
DEST,0.28935616202447706
DETH,0.2657978272269813
