state,mean_ndvi
DEBB,0.1757553881264148
DEBE,0.1323327911746438
DEBW,0.20580624247236695
DEBY,0.18389585610497844
DEHB,0.16300906388608727
DEHE,0.15830623404506822
DEHH,0.2567313896671152
DEMV,0.15175393295464507
DENI,0.2305299322944938
DENW,0.20846534951775195
DERP,0.2708491098244193
DESH,0.18081301314180664
DESL,0.2402838572466235
DESN,0.1605030464858365
DEST,0.2441921763818367
DETH,0.18840008052102797
