state,mean_ndvi
DEBB,0.30585786355028716
DEBE,0.17404666100334742
DEBW,0.26950129809579687
DEBY,0.2505622002952168
DEHB,0.2654478604101859
DEHE,0.3187870666741878
DEHH,0.2454087157499825
DEMV,0.27281456423372674
DENI,0.2665965365573681
DENW,0.2708225504540567
DERP,0.29684420604051676
DESH,0.30654503069119465
DESL,0.2942743659913802
DESN,0.24330683619742924
DEST,0.25717889875667943
DETH,0.3160861552673572
