state,mean_ndvi
DEBB,0.19816310397119924
DEBE,0.1370712929926963
DEBW,0.2278400587142102
DEBY,0.2144777860134608
DEHB,0.21825717311323217
DEHE,0.23777955374455892
DEHH,0.17484767683263244
DEMV,0.20446111805774192
DENI,0.2489443244742609
DENW,0.24283298128031733
DERP,0.23743738538535913
DESH,0.24803117671155503
DESL,0.22709173719653578
DESN,0.20734000381105683
DEST,0.20487723415074727
DETH,0.21918197105715712
