state,mean_ndvi
DEBB,0.24844898545350577
DEBE,0.15826134407033418
DEBW,0.23604661128248264
DEBY,0.25048818764671665
DEHB,0.19616027739001773
DEHE,0.26822751618682
DEHH,0.16666529465577937
DEMV,0.2608189708737693
DENI,0.248201008082897
DENW,0.24979112279244595
DERP,0.23807543112270557
DESH,0.2242422475002909
DESL,0.24132099948374044
DESN,0.24408257563456734
DEST,0.26375946926097155
DETH,0.25806488884337125
