state,mean_ndvi
DEBB,0.2528297264752698
DEBE,0.19833525012310552
DEBW,0.2537603486627394
DEBY,0.25794038074130365
DEHB,0.29130190895151076
DEHE,0.2670218572891784
DEHH,0.23778972562562772
DEMV,0.2627599333274939
DENI,0.28140542164078447
DENW,0.2647956289530338
DERP,0.2654847221000183
DESH,0.30676662665457494
DESL,0.26523879759125063
DESN,0.24835805642780864
DEST,0.24379324201039124
DETH,0.2527116786889131
