state,mean_ndvi
DEBB,0.21539097762435228
DEBE,0.13882578080091013
DEBW,0.2206221064802763
DEBY,0.2160762057935909
DEHB,0.20295679437932534
DEHE,0.3148639138304437
DEHH,0.15991197417288283
DEMV,0.25892647714356987
DENI,0.23943055271090746
DENW,0.2673222496033618
DERP,0.3227032627168381
DESH,0.24703395316576895
DESL,0.3361069858584715
DESN,0.2041602968242324
DEST,0.25994386459173235
DETH,0.23750454350660327
