state,mean_ndvi
DEBB,0.2425433766458411
DEBE,0.18709399020806428
DEBW,0.2035259532524265
DEBY,0.1943620194577869
DEHB,0.18012079178831888
DEHE,0.24096786955207591
DEHH,0.18798148343433815
DEMV,0.24335786495964823
DENI,0.18257220397180587
DENW,0.17586801331299348
DERP,0.2419051004796495
DESH,0.17637614755526157
DESL,0.2040582110166082
DESN,0.26714464277986166
DEST,0.19270211057723516
DETH,0.2170097300126176
