state,mean_ndvi
DEBB,0.18776640257798452
DEBE,0.1262784951413325
DEBW,0.20368243278254994
DEBY,0.21575867758461278
DEHB,0.16679893047619185
DEHE,0.23174794747620714
DEHH,0.14565364058403146
DEMV,0.1883016307105667
DENI,0.20143457483746224
DENW,0.19740995442848724
DERP,0.21742313587442233
DESH,0.2438414074355815
DESL,0.1872913655283235
DESN,0.20386752260967048
DEST,0.16512290325604922
DETH,0.16672922247408828
