state,mean_ndvi
DEBB,0.25974746519946756
DEBE,0.21150517652202727
DEBW,0.24627838100918803
DEBY,0.2553508608711046
DEHB,0.23931262713463045
DEHE,0.2873700404578622
DEHH,0.25156716822649405
DEMV,0.3123316539836018
DENI,0.29491576921957396
DENW,0.26818186640760794
DERP,0.28571197773625384
DESH,0.30703898251010864
DESL,0.26398288466053305
DESN,0.24042441316462485
DEST,0.24573095643094367
DETH,0.2906449437793763
