state,mean_ndvi
DEBB,0.24676755592292024
DEBE,0.18922112786506173
DEBW,0.24238440491355245
DEBY,0.24403130979297522
DEHB,0.25506575866220704
DEHE,0.27326378339012314
DEHH,0.20007021462732744
DEMV,0.2294118016539979
DENI,0.3027962652789905
DENW,0.2855563951817037
DERP,0.28666674574838824
DESH,0.2549339681363056
DESL,0.31013084155120985
DESN,0.21867489665103806
DEST,0.23299946471468083
DETH,0.24842854447597384
