id,mean_ndvi
DESN,-9999.0
DEBY,0.07507767783261758
DERP,-9999.0
DESL,-9999.0
DESH,-9999.0
DENI,-9999.0
DENW,0.08442943703272508
DEBW,0.014504502039091496
DEBB,-9999.0
DEMV,0.08378893656398652
DEHB,-9999.0
DEHH,-9999.0
DEHE,0.006357053768693028
DETH,-9999.0
DEST,-9999.0
DEBE,-9999.0
