id,mean_ndvi
DESN,-9999.0
DEBY,0.1456887937436211
DERP,-9999.0
DESL,-9999.0
DESH,-9999.0
DENI,-9999.0
DENW,-9999.0
DEBW,0.11752086762000354
DEBB,-9999.0
DEMV,0.12499611352813468
DEHB,-9999.0
DEHH,-9999.0
DEHE,-9999.0
DETH,-9999.0
DEST,-9999.0
DEBE,-9999.0
