state,mean_precip
DEBB,35.32981343283582
DEBE,35.089166666666664
DEBW,65.6075469483568
DEBY,70.26854312354313
DEHB,54.28916666666667
DEHE,60.82404761904762
DEHH,56.07916666666667
DEMV,38.73415064102564
DENI,52.995728155339805
DENW,62.90300675675676
DERP,61.52884146341463
DESH,57.67428921568628
DESL,67.674375
DESN,50.23721428571429
DEST,34.92567829457364
DETH,50.03838709677419
