state,mean_precip
DEBB,60.74064676616916
DEBE,66.78583333333333
DEBW,79.2532042253521
DEBY,80.15952214452214
DEHB,73.50083333333333
DEHE,68.98234126984127
DEHH,82.20083333333334
DEMV,67.67458333333333
DENI,75.2599352750809
DENW,73.13632882882882
DERP,63.18575203252033
DESH,83.27463235294118
DESL,73.82062499999999
DESN,62.6527619047619
DEST,52.53003875968992
DETH,63.48690860215054
