state,mean_precip
DEBB,33.73597014925373
DEBE,35.325833333333335
DEBW,57.52778169014084
DEBY,55.86094405594406
DEHB,51.61666666666667
DEHE,46.98839285714286
DEHH,51.32
DEMV,38.181089743589745
DENI,51.730671521035596
DENW,62.70881756756757
DERP,49.8380487804878
DESH,52.01573529411764
DESL,53.954375
DESN,39.13954761904762
DEST,35.33961240310078
DETH,42.64034946236559
