state,mean_precip
DEBB,53.23800995024876
DEBE,52.86083333333334
DEBW,81.2231807511737
DEBY,81.94788461538462
DEHB,81.79333333333334
DEHE,74.50311507936507
DEHH,86.73333333333333
DEMV,62.84684294871795
DENI,82.86228964401295
DENW,92.83504504504505
DERP,70.26514227642276
DESH,85.9973774509804
DESL,78.26520833333333
DESN,64.9762380952381
DEST,52.32482558139535
DETH,64.40876344086021
