state,mean_precip
DEBB,40.61396766169155
DEBE,40.839999999999996
DEBW,69.84266431924883
DEBY,73.87857226107226
DEHB,56.13916666666666
DEHE,58.24926587301587
DEHH,62.98166666666666
DEMV,47.64987179487179
DENI,60.32124595469256
DENW,69.52549549549549
DERP,56.1745325203252
DESH,66.0994362745098
DESL,57.95854166666666
DESN,50.05085714285715
DEST,39.35184108527132
DETH,48.483548387096775
