state,mean_precip
DEBB,43.33463930348259
DEBE,40.82333333333333
DEBW,79.81058685446008
DEBY,76.087331002331
DEHB,51.219166666666666
DEHE,56.22311507936508
DEHH,61.280833333333334
DEMV,43.557403846153846
DENI,55.03523462783172
DENW,64.06957207207208
DERP,63.01493902439024
DESH,62.05955882352941
DESL,74.251875
DESN,59.78704761904762
DEST,39.71110465116279
DETH,50.73459677419355
