state,mean_precip
DEBB,42.88354477611941
DEBE,41.416666666666664
DEBW,69.62274647887324
DEBY,67.6343414918415
DEHB,55.528333333333336
DEHE,53.7543253968254
DEHH,59.51
DEMV,43.579599358974356
DENI,57.411262135922335
DENW,64.10593468468468
DERP,59.83028455284553
DESH,60.33448529411765
DESL,70.94916666666667
DESN,54.05790476190476
DEST,43.83089147286822
DETH,51.950107526881716
