state,mean_precip
DEBB,44.762363184079604
DEBE,47.09916666666667
DEBW,80.45796948356808
DEBY,77.03585664335664
DEHB,60.979166666666664
DEHE,67.27230158730158
DEHH,61.78333333333334
DEMV,45.32455128205128
DENI,63.60760517799353
DENW,75.51143018018017
DERP,63.896910569105685
DESH,62.338602941176475
DESL,70.27458333333333
DESN,54.56319047619048
DEST,49.02100775193799
DETH,57.769811827956985
