state,mean_precip
DEBB,36.04809701492537
DEBE,37.461666666666666
DEBW,62.345093896713614
DEBY,65.33780303030304
DEHB,52.77333333333333
DEHE,47.630674603174604
DEHH,60.76833333333334
DEMV,42.17459935897436
DENI,51.50416666666667
DENW,60.66979729729729
DERP,48.89676829268293
DESH,63.53700980392156
DESL,54.55770833333333
DESN,45.050333333333334
DEST,33.32906976744186
DETH,39.27096774193548
