state,mean_precip
DEBB,62.777723880597016
DEBE,54.41583333333333
DEBW,81.86476525821597
DEBY,81.37115967365968
DEHB,60.57416666666666
DEHE,65.03513888888888
DEHH,70.01583333333333
DEMV,60.30663461538461
DENI,63.850655339805826
DENW,70.99722972972972
DERP,66.36140243902439
DESH,70.67360294117647
DESL,79.29145833333332
DESN,80.9092142857143
DEST,62.02726744186047
DETH,67.11338709677419
