state,mean_precip
DEBB,41.895385572139304
DEBE,41.24166666666667
DEBW,67.11038732394367
DEBY,69.8760780885781
DEHB,53.0925
DEHE,53.43517857142857
DEHH,57.615
DEMV,46.73011217948718
DENI,57.381812297734626
DENW,61.14274774774775
DERP,55.389634146341464
DESH,64.08291666666668
DESL,70.49520833333334
DESN,51.67709523809524
DEST,40.547926356589144
DETH,51.90857526881721
