id,mean_ndvi
DESN,-9999.0
DEBY,-9999.0
DERP,0.28336314416560426
DESL,-9999.0
DESH,-9999.0
DENI,0.22508233589267884
DENW,0.22346614494250466
DEBW,-9999.0
DEBB,-9999.0
DEMV,-9999.0
DEHB,0.28677950193561796
DEHH,-9999.0
DEHE,0.19125786494817218
DETH,-9999.0
DEST,-9999.0
DEBE,-9999.0
