id,mean_ndvi
DESN,-9999.0
DEBY,0.00016498840452197768
DERP,-9999.0
DESL,-9999.0
DESH,-9999.0
DENI,-9999.0
DENW,-9999.0
DEBW,-0.02113961038243272
DEBB,-9999.0
DEMV,-9999.0
DEHB,-9999.0
DEHH,-9999.0
DEHE,-9999.0
DETH,-9999.0
DEST,-9999.0
DEBE,-9999.0
